id,title,about_text,link_url,thumb_url,category_id,author_id,status,post_date,tags
1,It's Nice That,,http://asset3.itsnicethat.com/system/files/072012/4ff57dcf5c3e3c39a6002f81/img_col_main/LEAD.jpg?1341492401,,Design,Andre,Active,,
2,It's Nice That,,http://asset3.itsnicethat.com/system/files/052012/4fc79a805c3e3c418100e676/img_col_main/SP.jpg?1338481278 ,,Design,,,,
3,Archidose Blog,,http://archidose.org/wp/wp-content/uploads/2012/08/Aug12-06.jpg ,,Design,,,,
4,Archidose Blog,,http://farm9.staticflickr.com/8156/7486695504_7f7f88ff17_z.jpg ,,Design,,,,
5,Archidose Blog,,http://www.flickr.com/photos/kenlee2010/7486695688/ ,,Design,,,,
6,Archidose Blog,,http://farm9.staticflickr.com/8009/7512106246_e266a724c1_z.jpg ,,Design,,,,
7,Archidose Blog,,http://www.flickr.com/photos/picturenarrative/7511660432/ ,,Design,,,,
8,100 Percent Design,,http://www.100percentdesign.net/files/designshare/unstudio1_0.jpg?0 ,,Design,,,,
9,100 Percent Design,,http://www.100percentdesign.net/files/designshare/unstudiomuseum2.jpg?0 ,,Design,,,,
10,100 Percent Design,,http://www.100percentdesign.net/files/shanghaicentre-small.jpg?0 ,,Design,,,,
11,100 Percent Design,,http://www.100percentdesign.net/files/w_2.jpg?0 ,,Design,,,,
12,100 Percent Design,,http://www.100percentdesign.net/files/u15/Louvre-zaha-2.jpg ,,Design,,,,
13,100 Percent Design,,http://www.100percentdesign.net/files/expocentre3_1.jpg?0 ,,Design,,,,
14,100 Percent Design,,http://www.100percentdesign.net/files/zaha_blob5_0.jpg?0 ,,Design,,,,
15,100 Percent Design,,http://www.100percentdesign.net/files/tunnel_house.jpg?0 ,,Design,,,,
16,100 Percent Design,,http://www.100percentdesign.net/design/go-china-0,,Design,,,,
17,100 Percent Design,,http://www.100percentdesign.net/design/dasparkhotel-made-recycled-pipes ,,Design,,,,
18,100 Percent Design,,http://www.100percentdesign.net/design/nestle-chocolate-museum ,,Design,,,,
19,100 Percent Design,,http://www.100percentdesign.net/design/museum-cagliari ,,Design,,,,
20,100 Percent Design,,http://www.100percentdesign.net/design/opus-tower ,,Design,,,,
21,100 Percent Design,,http://www.100percentdesign.net/files/14/royal_ontario_museum_daniel.jpg ,,Design,,,,
22,Design Milk,,http://1.design-milk.com/images/2012/08/Casa-Las-Lomas-1.jpg ,,Design,,,,
23,Design Milk,,http://2.design-milk.com/images/2012/08/Magma-Olympic-1.jpg ,,Design,,,,
24,Design Milk,,http://1.design-milk.com/images/2012/07/Librizzi-HouseC-1.jpg ,,Design,,,,
25,Design Milk,,http://0.design-milk.com/images/2012/06/Cloud-House-1.jpg ,,Design,,,,
26,Design Milk,,http://0.design-milk.com/images/2012/06/BoA-House-1.jpg ,,Design,,,,
27,Design Milk,,http://2.design-milk.com/images/2012/07/autospace.jpg ,,Design,,,,
28,Design Milk,,http://2.design-milk.com/images/2012/06/Rosemont-1.jpg ,,Design,,,,
29,Design Milk,,http://3.design-milk.com/images/2012/05/Casa-La-Punta-1.jpg ,,Design,,,,
30,Design Milk,,http://1.design-milk.com/images/2012/05/Casa-De-Playa-1.jpg ,,Design,,,,
31,Design Milk,,http://1.design-milk.com/images/2012/05/SIP-Panel-House-1.jpg ,,Design,,,,
32,Design Milk,,http://2.design-milk.com/images/2012/05/Robin-Falck-Cabin-1.jpg ,,Design,,,,
33,Design Milk,,http://0.design-milk.com/images/2012/03/Snohetta-Reindeer-1.jpg ,,Design,,,,
34,Design Milk,,http://1.design-milk.com/images/2012/03/Nett199-SAOTA-1.jpg ,,Design,,,,
35,Design Milk,,http://2.design-milk.com/images/2012/03/Metropolis-Spa-House-1.jpg ,,Design,,,,
36,Design Milk,,http://2.design-milk.com/images/2012/03/2_Rieteiland_House_Garden_elevation.jpg ,,Design,,,,
37,Design Milk,,http://1.design-milk.com/images/2012/03/leibal_ring_apollo_1.jpg ,,Design,,,,
38,Design Milk,,http://0.design-milk.com/images/2012/03/Anastasia-Belvedere-12.jpg ,,Design,,,,
39,Design Milk,,http://0.design-milk.com/images/2012/03/birdsnestbed-1.jpg ,,Design,,,,
40,Design Milk,,http://2.design-milk.com/images/2012/03/AMA-mews-02-1-e1331042603957.jpg ,,Design,,,,
41,Design Milk,,http://1.design-milk.com/images/2012/01/amanzi-1-ext-with-pool.jpg ,,Design,,,,
42,Design Milk,,http://1.design-milk.com/images/2011/11/bagno_kstudio_1.jpg ,,Design,,,,
43,Design Milk,,http://2.design-milk.com/images/2011/10/dune-house-JVA-1.jpg ,,Design,,,,
44,Design Milk,,http://www.roca.com/roca-london-gallery ,,Design,,,,
45,Design Milk,,http://1.design-milk.com/images/2011/09/dakar-sow-saota-1.jpg ,,Design,,,,
46,Design Milk,,http://0.design-milk.com/images/2011/08/lugano_jma_2.jpg ,,Design,,,,
47,Design Milk,,http://1.design-milk.com/images/2011/07/palms-house-schmidt-2.jpg ,,Design,,,,
48,Design Milk,,http://1.design-milk.com/images/2011/06/totems-studio-hive-4.jpg ,,Design,,,,
49,Design Milk,,http://3.design-milk.com/images/2011/06/appleton-residence-1.jpg ,,Design,,,,
50,Design Milk,,http://0.design-milk.com/images/2011/05/torres-house-1.jpg ,,Design,,,,
51,Design Milk,,http://1.design-milk.com/images/2011/03/first-crescent-1.jpg ,,Design,,,,
52,Design Milk,,http://3.design-milk.com/images/2011/03/fogo-island-studios-1.jpg ,,Design,,,,
53,Design Milk,,http://3.design-milk.com/images/2011/03/woven-nest-1.jpg,,Design,,,,
54,Design Milk,,http://1.design-milk.com/images/2011/03/pirate-bedroom-1.jpg ,,Design,,,,
55,Design Milk,,http://1.design-milk.com/images/2011/01/biscuit-95-yacht-1.jpg ,,Design,,,,
56,Design Milk,,http://3.design-milk.com/images/2010/12/house-in-guimaraes-1.jpg ,,Design,,,,
57,Design Milk,,http://2.design-milk.com/images/2010/12/prater-street-1.jpg ,,Design,,,,
58,Design Milk,,http://0.design-milk.com/images/2010/12/caiano_morgado_warborn_30.jpg ,,Design,,,,
59,Design Milk,,http://1.design-milk.com/images/2010/11/House_Pacdearcos_Mealha_2.jpg ,,Design,,,,
60,Design Milk,,http://3.design-milk.com/images/2010/10/balancing-barn-1.jpg ,,Design,,,,
,Jane McGonigal: The game that can give you 10 extra years of life,,http://www.ted.com/talks/jane_mcgonigal_the_game_that_can_give_you_10_extra_years_of_life.html ,,Knowledge,,,,
,Pam Warhurst: How we can eat our landscapes,,http://www.ted.com/talks/pam_warhurst_how_we_can_eat_our_landscapes.html,,Knowledge,,,,
,Rob Legato: The art of creating awe,,http://www.ted.com/talks/rob_legato_the_art_of_creating_awe.html,,Knowledge,,,,
,Mark Applebaum: The mad scientist of music,,http://www.ted.com/talks/mark_applebaum_the_mad_scientist_of_music.html,,Knowledge,,,,
,Adam Sadowsky engineers a viral music video,,http://www.ted.com/talks/adam_sadowsky_engineers_a_viral_music_video.html,,Knowledge,,,,
,Michael Anti: Behind the Great Firewall of China,,http://www.ted.com/talks/michael_anti_behind_the_great_firewall_of_china.html,,Knowledge,,,,
,Bryan Stevenson: We need to talk about an injustice,,http://www.ted.com/talks/lang/en/bryan_stevenson_we_need_to_talk_about_an_injustice.html,,Knowledge,,,,
,Susan Cain: The power of introverts,,http://www.ted.com/talks/lang/en/susan_cain_the_power_of_introverts.html,,Knowledge,,,,
,Rob Reid: The $8 billion iPod,,http://www.ted.com/talks/lang/en/rob_reid_the_8_billion_ipod.html,,Knowledge,,,,
,Andrew Stanton: The clues to a great story,,http://www.ted.com/talks/lang/en/andrew_stanton_the_clues_to_a_great_story.html,,Knowledge,,,,
,Vijay Kumar: Robots that fly ... and cooperate,,http://www.ted.com/talks/lang/en/vijay_kumar_robots_that_fly_and_cooperate.html,,Knowledge,,,,
,Inside North Korea - VICE Travel - Part 1 of 3 ,,http://www.youtube.com/watch?v=24R8JObNNQ4 ,,Knowledge,,,,
,Inside North Korea - VICE Travel - Part 2 of 3 ,,http://www.youtube.com/watch?v=xw46Ll-Zy4s&feature=relmfu ,,Knowledge,,,,
,Inside North Korea - VICE Travel - Part 3 of 3 ,,http://www.youtube.com/watch?v=3HJj85K_7MQ&feature=relmfu ,,Knowledge,,,,
, Football's Most Dangerous Rivalry ,,http://www.youtube.com/watch?v=cggTbCcbcNA&feature=relmfu ,,Knowledge,,,,
,Teenage Heroin Epidemic ,,http://www.youtube.com/watch?v=aIbpt1aDFqM&feature=relmfu ,,Knowledge,,,,
,Krokodil: Russia's Deadliest Drug (NSFW) ,,http://www.youtube.com/watch?v=JsUH8llvTZo&feature=relmfu ,,Knowledge,,,,
,How to Buy Nukes on the Black Market,,http://www.youtube.com/watch?v=0c4f4NJSB_4&feature=relmfu ,,Knowledge,,,,
,The Business of War: SOFEX ,,http://www.youtube.com/watch?v=QL_3Qg-SADY&feature=relmfu ,,Knowledge,,,,
,The Cannibal Warlords of Liberia (Full Length Documentary) ,,http://www.youtube.com/watch?v=ZRuSS0iiFyo ,,Knowledge,,,,
,"Conflict Minerals, Rebels and Child Soldiers in Congo ",,http://www.youtube.com/watch?v=kYqrflGpTRE ,,Knowledge,,,,
,VICE Guide to Karachi: Pakistan's Most Violent City (Part 1/5) ,,http://www.youtube.com/watch?v=xgIl1vmIchA ,,Knowledge,,,,
,VICE Guide to Karachi: Battle for Lyari (Part 2/5) ,,http://www.youtube.com/watch?annotation_id=annotation_79530&feature=iv&index=2&list=PL9383B0B7583A5C66&src_vid=xgIl1vmIchA&v=27CnlYGlFL0 ,,Knowledge,,,,
, VICE Guide to Karachi: Raiding the Taliban (Part 3/5) ,,http://www.youtube.com/watch?annotation_id=annotation_723939&feature=iv&index=3&list=PL9383B0B7583A5C66&src_vid=27CnlYGlFL0&v=kkQ32S-urjQ ,,Knowledge,,,,
,"VICE Guide to Karachi: Junkies, Scavengers, and Crocodiles (Part 4/5)",,http://www.youtube.com/watch?annotation_id=annotation_335724&feature=iv&index=4&list=PL9383B0B7583A5C66&src_vid=kkQ32S-urjQ&v=yLfrK8irjtU ,,Knowledge,,,,
, VICE Guide to Karachi: Riding with a Killer (Part 5/5) ,,http://www.youtube.com/watch?annotation_id=annotation_525339&feature=iv&index=5&list=PL9383B0B7583A5C66&src_vid=yLfrK8irjtU&v=YtIT3uUEgzE,,Knowledge,,,,
, Illegal Border Crossing in Mexico ,,http://www.youtube.com/watch?v=BH_Z5BEZ5ts&feature=relmfu ,,Knowledge,,,,
,World's Scariest Drug (Documentary Exclusive) ,,http://www.youtube.com/watch?v=ToQ8PWYnu04&feature=relmfu ,,Knowledge,,,,
, Living in the Sewers of Colombia ,,http://www.youtube.com/watch?v=X4koXeZvAfg&feature=relmfu ,,Knowledge,,,,
,The Vice Guide to the Balkans - Serbia ,,http://www.youtube.com/watch?v=zs90i-Q67sc ,,Knowledge,,,,
,"Horizon - The Truth About Exercise (BBC, 2012) ",,http://www.youtube.com/watch?v=tyQSzx0ofto ,,Knowledge,,,,
,Why do we Dream - BBC Horizon ,,http://www.youtube.com/watch?v=9nmVzXxdUeU&feature=related ,,Knowledge,,,,
,BBC Faster Than the Speed of Light  ,,http://www.youtube.com/watch?v=v78kFuGNTLc&feature=related ,,Knowledge,,,,
,The Hawking Paradox - BBC Horizon ,,http://www.youtube.com/watch?v=mH428LQ5cD8&feature=related ,,Knowledge,,,,
,BBC Horizon 2012 The Hunt for Higgs ,,http://www.youtube.com/watch?v=raKN0RddL3A&feature=related ,,Knowledge,,,,
,To Infinity and Beyond - BBC Horizon,,http://www.youtube.com/watch?v=iBsywDWmwyA&feature=related ,,Knowledge,,,,
,BBC - Supernatural Science - Previous Lives ,,http://www.youtube.com/watch?v=iq64XvwqzyQ&feature=related ,,Knowledge,,,,
,Parallel Universes - BBC Horizon ,,http://www.youtube.com/watch?v=eFrcw62Sh-8&feature=related,,Knowledge,,,,
,BBC Horizon - The Secret You,,http://www.youtube.com/watch?v=8Biv_8xjj8E&feature=related,,Knowledge,,,,
,BBC Horizon Project Poltergeist (Missing Neutrinos),,http://www.youtube.com/watch?v=Xemmtr2X9yY ,,Knowledge,,,,
,Seeing Stars - BBC Horizon ,,http://www.youtube.com/watch?v=t0Modhxyakk&feature=related ,,Knowledge,,,,
,How Long is a Piece of String?,,http://www.youtube.com/watch?v=JLIwuWNOWBk&feature=relmfu,,Knowledge,,,,
,The Code (BBC Documentary) - Part 1 of 3 - Numbers ,,http://www.youtube.com/watch?v=yymJUFsf1RM ,,Knowledge,,,,
,The Code (BBC Documentary) - Part 2 of 3 - Shapes ,,http://www.youtube.com/watch?v=Uo80q7oK_0g&feature=relmfu ,,Knowledge,,,,
,The Code (BBC Documentary) - Part 3 of 3 - Prediction ,,http://www.youtube.com/watch?v=CtjKoSfX3-0&feature=relmfu,,Knowledge,,,,
,"BBC Documentary: Steve Jobs - Billion Dollar Hippy
",,http://www.youtube.com/watch?v=OC3qFtgeogE ,,Knowledge,,,,
,Playing God (BBC Documentary 2012),,http://www.youtube.com/watch?v=AKxmqMH4w_A,,Knowledge,,,,
,How Did We Get Here ? (BBC Documentary) ,,http://www.youtube.com/watch?v=aZfJDTDVBfw,,Knowledge,,,,
,Time Trip - BBC Horizon ,,http://www.youtube.com/watch?v=SfEnyxxSu4c,,Knowledge,,,,
,The Secret Life of Your Body Clock - BBC Horizon ,,http://www.youtube.com/watch?v=sqQbGPXSKD0 ,,Knowledge,,,,
,The truth of Troy,,http://www.youtube.com/watch?v=lUC2TX87pYg&feature=related,,Knowledge,,,,
,Pr. Brian Cox - A Night with the Stars ,,http://www.youtube.com/watch?v=4f9wcSLs8ZQ,,Knowledge,,,,
,BBC This World 2010 Mexico's Drug War ,,http://www.youtube.com/watch?v=stUCR9ubCP8,,Knowledge,,,,
,Louis Theroux - The City Addicted to Crystal Meth  ,,http://www.youtube.com/watch?v=hUidxS8VnE8 ,,Knowledge,,,,
,Louis Theroux: America's Most Hated Family in Crisis ,,http://www.youtube.com/watch?v=ogJSRs_OE0I ,,Knowledge,,,,
,BBC Law and Disorder In Philadelphia 1 ,,http://www.youtube.com/watch?v=uSX0CXjzDS8 ,,Knowledge,,,,
,BBC Law and Disorder  In Philadelphia 2 ,,http://www.youtube.com/watch?v=z2dcBIF6L7A&feature=relmfu ,,Knowledge,,,,
, BBC Law and Disorder  In Philadelphia 3 ,,http://www.youtube.com/watch?v=GwLdHEHfnr8&feature=relmfu,,Knowledge,,,,
, BBC Law and Disorder In Philadelphia 4 ,,http://www.youtube.com/watch?v=4fo9uDmhOYU ,,Knowledge,,,,
," Louis Theroux, Law and Disorder in Johannesburg 1",,http://www.youtube.com/watch?v=EWIOgm8yXyo&feature=related,,Knowledge,,,,
," Louis Theroux, Law and Disorder in Johannesburg (2) ",,http://www.youtube.com/watch?v=8CPYY5nXhss&feature=relmfu,,Knowledge,,,,
,"Louis Theroux, Law and Disorder in Johannesburg (3) ",,http://www.youtube.com/watch?v=ep0MduhIX1Y&feature=relmfu,,Knowledge,,,,
,"Louis Theroux, Law and Disorder in Johannesburg (4) ",,http://www.youtube.com/watch?v=vDBLlD6yVEk&feature=relmfu ,,Knowledge,,,,
, Louis Theroux : Behind Bars (1/4) ,,http://www.youtube.com/watch?v=tRPPoCs7H_I ,,Knowledge,,,,
,Louis Theroux : Behind Bars (2/4) ,,http://www.youtube.com/watch?v=518AA4VzSjU&feature=relmfu ,,Knowledge,,,,
,Louis Theroux : Behind Bars (3/4) ,,http://www.youtube.com/watch?v=ShbDAzKR6jA&feature=relmfu,,Knowledge,,,,
,Louis Theroux : Behind Bars (4/4) ,,http://www.youtube.com/watch?v=QRjodUY9cdU&feature=fvwrel ,,Knowledge,,,,
, Louis Theroux Documentary. African Hunting Party,,http://www.youtube.com/watch?v=zwkjvZjclf8&feature=related ,,Knowledge,,,,
, Ross Kemp Extreme World - Mexico 1 of 3 ,,http://www.youtube.com/watch?v=6xBK2K8LEwg,,Knowledge,,,,
,Ross Kemp Extreme World - Mexico 2 of 3 ,,http://www.youtube.com/watch?v=VlaDBQdrPYw&feature=relmfu,,Knowledge,,,,
,Ross Kemp Extreme World - Mexico 3 of 3 ,,http://www.youtube.com/watch?v=-OtBwufsCME&feature=relmfu,,Knowledge,,,,
,Favela - Ross Kemp Documentary ,,http://www.youtube.com/watch?v=0VuYNbaA9s4&feature=related,,Knowledge,,,,
,Ross Kemp Extreme World Chicago - 1 of 3,,http://www.youtube.com/watch?v=VQYb8cRoDb0&feature=related,,Knowledge,,,,
,Ross Kemp Extreme World Chicago - 2 of 3,,http://www.youtube.com/watch?v=lRPrL1qMxU0&feature=relmfu,,Knowledge,,,,
,Ross Kemp Extreme World Chicago - 3 of 3,,http://www.youtube.com/watch?v=5SJG4z7LGV0&feature=relmfu,,Knowledge,,,,
,New Europe with Michael Palin 1 of 7 ,,http://www.youtube.com/watch?v=i-ZpKTzchrE,,Knowledge,,,,
, Stephen Fry in America - episode 1 - New World ,,http://www.youtube.com/watch?v=f0i2abKXr9c,,Knowledge,,,,
,"Stephen Fry in America - episode 2 - Deep South
",,http://www.youtube.com/watch?v=HFMTZrEhvlw,,Knowledge,,,,
,Stephen Fry In America - episode 3 - Mississippi ,,http://www.youtube.com/watch?v=Cghu97eI7Kk,,Knowledge,,,,
,Long Way Down - episode 1 ,,http://www.youtube.com/watch?v=V1QSVNSZHAU&feature=relmfu,,Knowledge,,,,
, Long Way Down - episode 2 ,,http://www.youtube.com/watch?v=QbRw8spKV58&feature=relmfu ,,Knowledge,,,,
,"The European Capitol of Terrorism: Belfast, Ireland - VICE Travels to Belfast - PART 1 of 4 ",,http://www.youtube.com/watch?v=4nzDuiv3U8o,,Knowledge,,,,
,The European Capitol of Terrorism: Belfast - VICE Travel - Part 2 of 4 ,,http://www.youtube.com/watch?feature=fvwp&v=ffkj2ojUUxQ&NR=1,,Knowledge,,,,
,The European Capitol of Terrorism: Belfast - VICE Travel - Part 3 of 4 ,,http://www.youtube.com/watch?NR=1&feature=fvwp&v=s30Zm1ATP98,,Knowledge,,,,
,The European Capitol of Terrorism: Belfast - VICE Travel - Part 4 of 4 ,,http://www.youtube.com/watch?v=T6lBzXAlv2k&feature=relmfu,,Knowledge,,,,
,Why it Never Gets Better in Afghanistan: A Documentary ,,http://www.youtube.com/watch?v=83X4wx6XYU4&feature=g-vrec,,Knowledge,,,,
,Fist Fighting on Christmas: A Peruvian Tradition ,,http://www.youtube.com/watch?v=mKjSyZhIIiw&feature=relmfu,,Knowledge,,,,
,UFO DOCUMETARY I Know What I Saw 2011,,http://www.youtube.com/watch?v=PIeGeE0uDJg ,,Knowledge,,,,
,The Real Football Factories International Episode - 1 Turkey,,http://www.youtube.com/watch?v=cTiM5IO-JTU,,Knowledge,,,,
,How to Sell Drugs,,http://www.youtube.com/watch?v=fvN7fKmCoXA,,Knowledge,,,,
,Cult Leader Thinks He's Jesus (Documentary Exclusive) ,,http://www.youtube.com/watch?v=W2Cv5hZfOmk&feature=g-vrec,,Knowledge,,,,
,The Life Of The Buddha [Full BBC Documentary,,http://www.youtube.com/watch?v=zFbjDcz_CbU ,,Knowledge,,,,
,After Life: The Science Of Decay,,http://www.youtube.com/watch?v=sNAxrpzc6ws,,Knowledge,,,,
,Forever Young,,http://www.youtube.com/watch?v=kc2_mYV3L9k ,,Knowledge,,,,
,Roger Scruton - Why Beauty Matters,,http://www.youtube.com/watch?v=wlzUP_M83W4&feature=related,,Knowledge,,,,
, BBC Nature's Weirdest Events,,http://www.youtube.com/watch?v=e90C41jo5m4&feature=related,,Knowledge,,,,
,BBC - Lost: The Mystery of Flight 447 ,,http://www.youtube.com/watch?v=2c6SHUjk1oM&feature=related,,Knowledge,,,,
, Documentary Rolls Royce - How To Build A Jumbo Jet Engine,,http://www.youtube.com/watch?v=VfomloUg2Gw&feature=related,,Knowledge,,,,
,"How to Build a Supercar ""MP4-12C""",,http://www.youtube.com/watch?v=tWJNU1AQETE&feature=related,,Knowledge,,,,
,Top 10 Bizzare Miracles,,http://listverse.com/2012/07/30/top-10-bizarre-miracles/ ,,Knowledge,,,,
,Top 10 Failures of Modern Science,,http://listverse.com/2012/07/26/top-10-failures-of-modern-science/ ,,Knowledge,,,,
,Top 10 Evil Businessmen,,http://listverse.com/2012/07/23/top-10-evil-businessmen/,,Knowledge,,,,
,10 Bizaare Units of Measurement,,http://listverse.com/2012/03/07/10-bizarre-units-of-measurement/,,Knowledge,,,,
,Top 15 Crime Bosses and Drug Lords in 2012,,http://listverse.com/2012/06/05/top-15-crime-bosses-and-drug-lords-in-2012/ ,,Knowledge,,,,
,Top 10 infmaous Car Burglars,,http://listverse.com/2011/09/10/top-10-infamous-cat-burglars/,,Knowledge,,,,
,10 Inexplicable Crimes and Disappearances,,http://listverse.com/2012/03/03/10-inexplicable-crimes-and-disappearances/ ,,Knowledge,,,,
,10 More Ancient Alien Mysteries,,http://listverse.com/2011/07/29/10-more-ancient-alien-mysteries/ ,,Knowledge,,,,
,Top 10 Strange UFO Encounters,,http://listverse.com/2011/04/06/top-10-strange-ufo-encounters/ ,,Knowledge,,,,
,10 People Who Died in their Prime,,http://listverse.com/2012/08/01/10-people-who-died-in-their-prime/ ,,Knowledge,,,,
,Top 10 Huamn Reflexes and Natural Instincts,,http://listverse.com/2012/01/28/top-10-human-reflexes-and-natural-instincts/ ,,Knowledge,,,,
,Top 10 Human Reflexes and Natural Instincts,,http://listverse.com/2012/01/28/top-10-human-reflexes-and-natural-instincts/ ,,Knowledge,,,,
,10 Enormous Numbers,,http://listverse.com/2012/03/12/10-enormous-numbers/ ,,Knowledge,,,,
,11 Brain-Twisiting Paradoxes,,http://listverse.com/2010/05/28/11-brain-twisting-paradoxes/ ,,Knowledge,,,,
,Top 10 Most Dangerous Places on Earth,,http://listverse.com/2008/04/08/top-10-most-dangerous-places-on-earth/ ,,Knowledge,,,,
,Top 10 Soccer Club Rivalries of all Time,,http://listverse.com/2010/08/18/top-10-soccer-club-rivalries-of-all-time/ ,,Knowledge,,,,
,Top 10 Deadliest Animals,,http://listverse.com/2012/06/18/top-10-deadliest-animals/ ,,Knowledge,,,,
,10 most terrifying places on earth,,http://listverse.com/2010/07/07/10-most-terrifying-places-on-earth/ ,,Knowledge,,,,
,"9 Famous Movie Villains Who Were Right All Along

",,http://www.cracked.com/article_18417_9-famous-movie-villains-who-were-right-all-along.html ,,Knowledge,,,,
,"5 Kick-Ass Action Movies That Are Pure Propaganda

",,http://www.cracked.com/article_15017_5-kick-ass-action-movies-that-are-pure-propaganda.html ,,Knowledge,,,,
,6 Insane Discoveries That Science Can't Explain,,http://www.cracked.com/article_16871_6-insane-discoveries-that-science-cant-explain.html,,Knowledge,,,,
,"5 Real Life Soldiers Who Make Rambo Look Like a Pussy


",,http://www.cracked.com/article_17019_5-real-life-soldiers-who-make-rambo-look-like-pussy.html,,Knowledge,,,,
,"Fun Size Countries: The Insane Histories of the World's 6 Tiniest Nations

",,http://www.cracked.com/article_15821_fun-size-countries-insane-histories-worlds-6-tiniest-nations.html?wa_user1=3&wa_user2=History&wa_user3=article&wa_user4=recommended,,Knowledge,,,,
,"6 Adorable Cat Behaviors With Shockingly Evil Explanations


",,http://www.cracked.com/article/226_6-adorable-cat-behaviors-with-shockingly-evil-explanations/,,Knowledge,,,,
,6 Things From History Everyone Pictures Incorrectly,,http://www.cracked.com/article_18627_6-things-from-history-everyone-pictures-incorrectly.html ,,Knowledge,,,,
,"7 Historical Figures Who Were Absurdly Hard To Kill


",,http://www.cracked.com/article_16822_7-historical-figures-who-were-absurdly-hard-to-kill.html,,Knowledge,,,,
,"The 5 Most Ridiculous Lies You Were Taught In History Class

",,http://www.cracked.com/article_16101_the-5-most-ridiculous-lies-you-were-taught-in-history-class.html,,Knowledge,,,,
,"6 Random Coincidences That Created The Modern World


",,http://www.cracked.com/article_17298_6-random-coincidences-that-created-modern-world.html,,Knowledge,,,,
,"6 Assassination Attempts that Almost F#@ked the World

",,http://www.cracked.com/article/18360_6-assassination-attempts-that-almost-f2340ked-world/,,Knowledge,,,,
,"The 5 Most Ridiculously Over-Hyped Health Scares of All Time


",,http://www.cracked.com/article_16078_the-5-most-ridiculously-over-hyped-health-scares-all-time.html,,Knowledge,,,,
,6 People Who Just Fucking Disappeared,,http://www.cracked.com/article_16501_6-people-who-just-fucking-disappeared.html,,Knowledge,,,,
,"6 Historic Acts of Revenge That Put 'Kill Bill' to Shame


",,http://www.cracked.com/article_18430_6-historic-acts-revenge-that-put-kill-bill-to-shame.html,,Knowledge,,,,
,"The 6 Most Horrifying Ways Anyone Ever Got Rich

",,http://www.cracked.com/article_16633_the-6-most-horrifying-ways-anyone-ever-got-rich.html,,Knowledge,,,,
,"5 Mind-Blowing Ways That Science Has Done the Impossible


",,http://www.cracked.com/article_19978_5-mind-blowing-ways-that-science-has-done-impossible.html,,Knowledge,,,,
,6 Terrifying Diseases That Science Can't Explain,,http://www.cracked.com/article_18508_6-terrifying-diseases-that-science-cant-explain.html,,Knowledge,,,,
,"The 6 Most Mind-Blowing Things Ever Discovered in Space


",,http://www.cracked.com/article_19479_the-6-most-mind-blowing-things-ever-discovered-in-space.html,,Knowledge,,,,
,"5 UFO Sightings That Even Non-Crazy People Find Creepy

",,http://www.cracked.com/article_18690_5-ufo-sightings-that-even-non-crazy-people-find-creepy.html,,Knowledge,,,,
,"6 Slacker Behaviors That Science Says Are Good For You

",,http://www.cracked.com/article_18595_6-slacker-behaviors-that-science-says-are-good-you.html,,Knowledge,,,,
,"6 Myths Everyone Believes about Space (Thanks to Movies)


",,http://www.cracked.com/article_19649_6-myths-everyone-believes-about-space-thanks-to-movies.html,,Knowledge,,,,
,"6 Scientific Discoveries That Laugh in the Face of Physics

",,http://www.cracked.com/article_19668_6-scientific-discoveries-that-laugh-in-face-physics.html,,Knowledge,,,,
,"5 Insane Scientific Charts You Won't Believe Actually Exist


",,http://www.cracked.com/article_18701_5-insane-scientific-charts-you-wont-believe-actually-exist.html,,Knowledge,,,,
,"5 Kick-Ass Sci-Fi Apocalypses (That Could Actually Happen)


",,http://www.cracked.com/article_15809_5-kick-ass-sci-fi-apocalypses-that-could-actually-happen.html,,Knowledge,,,,
,11 Celebrities Who Were Secretly Total Badasses,,http://www.cracked.com/article_18905_11-celebrities-who-were-secretly-total-badasses.html,,Knowledge,,,,
,8 Classic Movies That Got Away With Gaping Plot Holes,,http://www.cracked.com/article_16625_8-classic-movies-that-got-away-with-gaping-plot-holes.html,,Knowledge,,,,
,"8 Actors Who Look Exactly The Same on Every Movie Poster

",,http://www.cracked.com/article_19093_8-actors-who-look-exactly-same-every-movie-poster.html,,Knowledge,,,,
,"6 Movie Plots That Could Have Been Solved In Minutes

",,http://www.cracked.com/article_18658_6-movie-plots-that-could-have-been-solved-in-minutes.html ,,Knowledge,,,,
,10 Explanations for the Bermuda Triangle,,http://listverse.com/2012/08/12/10-explanations-for-the-bermuda-triangle/,,Knowledge,,,,
, SBTRKT Boiler Room Mix ,,http://www.youtube.com/watch?v=7sev7kbnOVA,,Music,1 hour Boiler room set,,,
,Julio Bashmore Boiler Room LA Mix,,http://www.youtube.com/watch?v=kH3qecejtIo,,Music,UK house sound,,,
,Gaslamp Killer Boiler Room DJ Set ,,http://www.youtube.com/watch?v=GhFeiPuBkP8,,Music,It brings us great joy to bring you amazing musical cats like Gaslamp Killer doing what it is they do best.. if this doesn't blow you away then your feet are too firmly rooted on this earth.,,,
, Baauer 50 min Boiler Room New York DJ Set,,http://www.youtube.com/watch?v=U4dK9yodrsk,,Music,TRAP music at it's finest,,,
, Mount Kimbie - Carbonated ,,http://www.youtube.com/watch?v=GRVwtSmgKP8,,Music,A classic from From the album 'Crooks & Lovers,,,
, A$AP Rocky - Goldie (Explicit) ,,http://www.youtube.com/watch?v=ofoIMg76Sng,,Music,Music video by A$AP Rocky performing Goldie,,,
,alt-J (∆) Breezeblocks ,,http://www.youtube.com/watch?v=rVeMiVU77wo,,Music,,,,
,Lapalux - Forgetting and Learning Again (ft. Kerry Leatham) ,,http://www.youtube.com/watch?v=CJB60dUTiX8,,Music,Lapalux - 'Some Other Time' EP,,,
,"B Boy Document 99- Mos Def, Mad Skillz and High and Mighty ",,http://www.youtube.com/watch?v=qQ3Xru8oHfE,,Music,Rewind- Those who played Tony Hawk's pro skater 2,,,
,"The Bloody Beetroots, Greta Svabo Bech - Chronicles Of A Fallen Love ",,http://www.youtube.com/watch?v=FHR4dmfds84,,Music,,,,
, Kid Cudi - Just What I Am ft. King Chip ,,https://www.youtube.com/watch?v=hGbP_kTM4CA,,Music,This track is not bad….,,,
,Frank Ocean - Pink Matter ft. Andre 3000 ,,https://www.youtube.com/watch?v=t8KoJQChzA8,,Music,Frank Ocean and Andre 3000 killing it!,,,
, Joey Bada$$ (feat. Chuck Strangers) - Fromdatomb$ ,,https://www.youtube.com/watch?v=ZU4tsCk2szU,,Music,This kid is dope,,,
,Kendrick Lamar - Cartoon & Cereal ,,https://www.youtube.com/watch?v=c8Qxtzk-bK8,,Music,This unfortunately did not make his new album,,,
,Kendrick Lamar - Money Trees (Feat. Jay Rock) ,,https://www.youtube.com/watch?v=iMR45VOKj58,,Music,Two many good songs on this album,,,
, Kendrick Lamar - Sing About Me (Good Kid mAAd City) ,,https://www.youtube.com/watch?v=2DO5SeHQa7g,,Music,,,,
,De La Soul - Say No Go ,,https://www.youtube.com/watch?v=08X5CVfL0bk,,Music,Rinsing a classic,,,
, Cashmere Cat - Mirror Maru ,,https://www.youtube.com/watch?v=W3QNCoVa-lc,,Music,Next level ,,,
,TNGHT - Higher Ground (Hudson Mohawke x Lunice) ,,https://www.youtube.com/watch?v=6HzyUHxmkg0,,Music,Whaddup!,,,
,Like A Version: Missy Higgins - Hearts A Mess (Gotye cover) ,,https://www.youtube.com/watch?v=zEmTkXr9Ssg,,Music,Nice renditon of Gotye before he was famous,,,
,"Homeless Mustard Sings ""Creep"" GREATEST Cover EVER ",,http://www.youtube.com/watch?v=hXlzci1rKNM,,Music,Homeless guys sings Creep.. The rest speaks for itself,,,
,Radiohead vs Dave Brubeck - Five Step (mashup by Overdub) ,,http://www.youtube.com/watch?v=TYa7furgQsA,,Music,Great Mashup,,,
,Destiny's Child - Say My Name (Cyril Hahn Remix) ,,http://www.youtube.com/watch?v=1VMykMSSJg8,,Music,Summer Tune,,,
,Julio Bashmore - Au Seve ,,http://www.youtube.com/watch?v=BnigNbYVQJE,,Music,,,,
,LOL Boys - Changes (Star Slinger Remix) ,,http://www.youtube.com/watch?v=zNTsWVKJqWY,,Music,Best served with ice,,,
,Danny Brown - Grown Up,,http://www.youtube.com/watch?v=NHfWY0is3rE,,Music,Cute :),,,
,Earl Sweatshirt - Chum (Explicit) ,,http://www.youtube.com/watch?v=FCbWLSZrZfw,,Music,Earl back at what hes does best,,,
,Dizzee Rascal - 'I Luv U' ,,http://www.youtube.com/watch?v=YH0KWX2a8zY,,Music,Pure Grime,,,
, The Avalanches - 'Frontier Psychiatrist' ,,http://www.youtube.com/watch?v=qLrnkK2YEcE,,Music,Best music video ever!,,,
,Blu & Exile - a letter (Instrumental w/ no hook) HD,,http://www.youtube.com/watch?v=d5ZlZA2UC9c,,Music,"From the album ""give me my flowers while i can smell them"" by Blu",,,
,MF Love - Rainy Sundays ,,http://www.youtube.com/watch?v=-0R2vpNFb28,,Music,Super fresh,,,
,The Roots - Good Music ,,http://www.youtube.com/watch?v=2B7bc6Pjb3s,,Music,"Just plain ""good music""",,,
,,,http://www.tumblr.com/reblog/27034973840/w6GXMoIl ,,Photos,,,,
,,,http://blog.50mm.jp/wp-content/uploads/2012/05/MG_1649-600x400.jpg ,,Photos,,,,
,,,http://denverpost.slideshowpro.com/albums/001/496/album-288332/cache/bestofwires010.sJPG_950_2000_0_75_0_50_50.sJPG?1345245021 ,,Photos,,,,
,,,http://denverpost.slideshowpro.com/albums/001/496/album-288332/cache/bestofwires018.sJPG_950_2000_0_75_0_50_50.sJPG?1345245021 ,,Photos,,,,
,,,http://denverpost.slideshowpro.com/albums/001/496/album-288332/cache/bestofwires034.sJPG_950_2000_0_75_0_50_50.sJPG?1345245021 ,,Photos,,,,
,,,http://denverpost.slideshowpro.com/albums/001/496/album-288332/cache/bestofwires039.sJPG_950_2000_0_75_0_50_50.sJPG?1345245021 ,,Photos,,,,
,,,http://denverpost.slideshowpro.com/albums/001/496/album-288332/cache/bestofwires040.sJPG_950_2000_0_75_0_50_50.sJPG?1345245021 ,,Photos,,,,
,,,http://denverpost.slideshowpro.com/albums/001/496/album-288332/cache/bestofwires042.sJPG_950_2000_0_75_0_50_50.sJPG?1345245021 ,,Photos,,,,
,,,http://denverpost.slideshowpro.com/albums/001/496/album-288332/cache/bestofwires048.sJPG_950_2000_0_75_0_50_50.sJPG?1345245021 ,,Photos,,,,
,,,http://denverpost.slideshowpro.com/albums/001/496/album-288332/cache/bestofwires054.sJPG_950_2000_0_75_0_50_50.sJPG?1345245021 ,,Photos,,,,
,,,http://denverpost.slideshowpro.com/albums/001/496/album-288332/cache/bestofwires056.sJPG_950_2000_0_75_0_50_50.sJPG?1345245021 ,,Photos,,,,
,Seinfeld’s Greatest Fashion Moments,,http://four-pins.com/style/seinfelds-best-fashion-moments/,,Video,,,,
,Stephen Wiltshire,,http://vimeo.com/26599306,,Video,,,,
,NightFall,,http://vimeo.com/47224216,,Video,,,,
,Hello Little Printer,,http://vimeo.com/32796535,,Video,,,,
,ISS at Night,,http://vimeo.com/45878034,,Video,,,,
,Moulton Bicycle Company,,http://vimeo.com/43557767,,Video,,,,
,RETRO BOBBY,,http://vimeo.com/40725729,,Video,,,,
,The Dual at Blood Creek,,http://vimeo.com/13121783,,Video,,,,
,Call me Maybe - Miami Dolphins Cheerleaders,,http://www.youtube.com/watch?v=AOTawi0iai0,,Video,,,,
,GoPro: Kirby Chambliss & Red Bull Air Force - EAA AirVenture Oshkosh 2012,,http://www.youtube.com/watch?v=XxFA25CcAfE,,Video,,,,
,Powerful in Every Way,,http://www.youtube.com/watch?v=qrtC-biVlPM&feature=related,,Video,,,,
,GoPro HD: Kirby Chambliss Epic Flight,,http://www.youtube.com/watch?v=mO0FmzRW96o,,Video,,,,
,Shooting Morocco,,http://vimeo.com/39167977,,Video,,,,
,Chasing the storm,,http://vimeo.com/47387431,,Video,,,,
,Darkness he called night,,http://vimeo.com/47806016,,Video,,,,
,Silent Transitions,,http://vimeo.com/19302305,,Video,,,,
,A Tiny day in Jackson hole backcountry,,http://vimeo.com/21864555,,Video,,,,
,Experimental light sculpture,,http://vimeo.com/44160295,,Video,,,,
,3x3,,http://vimeo.com/6761817,,Video,,,,
,The first cycle,,http://vimeo.com/35475607,,Video,,,,
,Waiting for the end of the world,,http://vimeo.com/10936405,,Video,,,,
,Call me Maybe - Formula Drift,,http://vimeo.com/43849282,,Video,,,,
,My inner secrets,,http://vimeo.com/21120050,,Video,,,,
,All or Nothing' - Formula Drift,,http://vimeo.com/44785997,,Video,,,,
,tour de francis documentary,,http://vimeo.com/45897442,,Video,,,,
,the 1910 challenge,,http://vimeo.com/13386163,,Video,,,,
,High places,,http://vimeo.com/31108308,,Video,,,,
,LAX,,http://vimeo.com/10454575,,Video,,,,
,Fighter jets,,http://vimeo.com/21399529,,Video,,,,
,Axalp Shooting Range,,http://vimeo.com/17497918,,Video,,,,
,Paraclouding,,http://vimeo.com/groups/hdxs/videos/47965051,,Video,,,,
,From Pt A To Pt B,,http://vimeo.com/groups/hdxs/videos/33429691,,Video,,,,
,man vs metro part 1,,http://www.youtube.com/watch?v=8y2HbJEHOtc&list=UUxyBdFvsLJdtlicA0hPtTNQ&index=6&feature=plcp,,Video,,,,
,man vs metro part 2,,http://www.youtube.com/watch?v=3xGOeP_p7M0&feature=fvwrel,,Video,,,,
,man vs metro part 3,,http://www.youtube.com/watch?v=L1rTkht8YY4&feature=relmfu,,Video,,,,
,I can be your Cabbie,,http://www.youtube.com/watch?v=TdFEayAUazM&feature=relmfu,,Video,,,,
,experience human flight,,http://vimeo.com/22428395,,Video,,,,
,locked in a vegas hotel room with a phantom flew,,http://vimeo.com/19819283,,Video,,,,
,a story for tomorrow,,http://vimeo.com/36519586,,Video,,,,
,experiecne freedom,,http://vimeo.com/36778012,,Video,,,,
,yosemite range of light,,http://vimeo.com/40802206,,Video,,,,
,expereience zero gravity,,http://vimeo.com/29017795,,Video,,,,
,afganistan-touch down in flight,,http://vimeo.com/31426899,,Video,,,,
,the man who lived on his bike,,http://vimeo.com/35927275,,Video,,,,
,the making of the carpenter,,http://vimeo.com/30698649,,Video,,,,
,ferias no brasil,,http://vimeo.com/20187108,,Video,,,,
,I look and move,,http://vimeo.com/31484170,,Video,,,,
,dream world,,http://vimeo.com/24561491,,Video,,,,
,avalanche cliff jump,,http://vimeo.com/22669590,,Video,,,,
,2 x as powerful in every way,,http://vimeo.com/31160843,,Video,,,,
,hot chicks occupy wall street,,http://vimeo.com/30476100,,Video,,,,
,big little world,,http://vimeo.com/47767166,,Video,,,,
,zimoun + hannes zweifel,,http://vimeo.com/22651405,,Video,,,,
,near space ballon flight,,http://vimeo.com/12488149,,Video,,,,
,black diamond jet team,,http://vimeo.com/32554444,,Video,,,,
,the ski move/ go pro,,http://vimeo.com/7674096,,Video,,,,
,black hole sun,,http://vimeo.com/24149087,,Video,,,,
,racing the end ,,http://vimeo.com/23613093,,Video,,,,
,mary hill freeride 2011,,http://vimeo.com/23025122,,Video,,,,
,base jump clip,,http://vimeo.com/6825877,,Video,,,,
,porsche speed,,http://vimeo.com/2222258,,Video,,,,
,true hd highlights,,http://vimeo.com/8879661,,Video,,,,
,new york city… A day in the life - ryan sheckler,,http://vimeo.com/43402778,,Video,,,,
,nike chosen sessions - park unveiling,,http://vimeo.com/39478494,,Video,,,,
,freestyle battle,,http://vimeo.com/21357922,,Video,,,,
,"different seasons, same addiction",,http://vimeo.com/36901422,,Video,,,,
,the shadow conspiracy -best 2011,,http://vimeo.com/34082682,,Video,,,,
,red bull minidrome,,http://vimeo.com/11043405,,Video,,,,
,why we jump,,http://vimeo.com/44007931,,Video,,,,
,earth,,http://vimeo.com/32001208,,Video,,,,
,new lands,,http://vimeo.com/39210291,,Video,,,,
,5158.3 miles,,http://vimeo.com/40787597,,Video,,,,
,woo-hoo,,http://vimeo.com/42103375,,Video,,,,
,banzai pipeline,,http://vimeo.com/19489506,,Video,,,,
,jeb corliss and roberta mancino,,http://vimeo.com/29629657,,Video,,,,
,new york city marathon time lapse,,http://vimeo.com/31770118,,Video,,,,
,the underwater project,,http://vimeo.com/11938524,,Video,,,,
,san francisco in flight,,http://vimeo.com/25443960,,Video,,,,
,canary sky - tenerife,,http://vimeo.com/23205323,,Video,,,,
,the most astounding fact,,http://vimeo.com/38101676,,Video,,,,
,little boat,,http://vimeo.com/22894261,,Video,,,,
,the stars as viewed from ISS,,http://vimeo.com/38409143,,Video,,,,
,this is our planet,,http://vimeo.com/44801709,,Video,,,,
,20 hz,,http://vimeo.com/30668685,,Video,,,,
,timelapse: earthereal,,http://vimeo.com/40900577,,Video,,,,
,the edge of the earth - documentary,,http://vimeo.com/19731783,,Video,,,,
,within two worlds,,http://vimeo.com/45858333,,Video,,,,
,pass the bucket,,http://vimeo.com/21833399,,Video,,,,
,floating chicago,,http://vimeo.com/24084352,,Video,,,,
,antarctica,,http://vimeo.com/3890238,,Video,,,,
,astronomers paradise,,http://vimeo.com/36972668,,Video,,,,
,brilliant noise,,http://vimeo.com/1284717,,Video,,,,
,our time is brief,,http://vimeo.com/13143217,,Video,,,,
,the earth as you've never seen it before,,http://vimeo.com/42909676,,Video,,,,
,time,,http://vimeo.com/28715228,,Video,,,,
,the aurora borealis,,http://vimeo.com/25811412,,Video,,,,
,the hidden beauty of pollination,,http://vimeo.com/27328081,,Video,,,,
,americas dead sea,,http://vimeo.com/21347521,,Video,,,,
,robin bacior - ohio,,http://vimeo.com/29336898,,Video,,,,
,trout is all,,http://vimeo.com/33337585,,Video,,,,
,the best view in the solar system,,http://vimeo.com/39972530,,Video,,,,
,kiesha speaks on 2012,,http://vimeo.com/16830337,,Video,,,,
,kepler exoplanet candidates,,http://vimeo.com/19642643,,Video,,,,
,down to earth,,http://vimeo.com/4315593,,Video,,,,
,anthem,,http://vimeo.com/10344356,,Video,,,,
,theory. Genesis,,http://vimeo.com/27783174,,Video,,,,
,dan nocera: personalized energy,,http://vimeo.com/8194089,,Video,,,,
,stars and planets,,http://vimeo.com/899763,,Video,,,,
,a thousand shades of white,,http://vimeo.com/4515275,,Video,,,,
,earth hour 2012,,http://vimeo.com/24989597,,Video,,,,
,create a realistic earth in blender,,http://vimeo.com/25078416,,Video,,,,
,aurora timelapse. Fire in the sky,,http://vimeo.com/38422416,,Video,,,,
,stubnitz at bloc 2012,,http://vimeo.com/41431682,,Video,,,,
,new years resolutions 2011,,http://vimeo.com/18466401,,Video,,,,
,the real jim carrey,,http://vimeo.com/8860328,,Video,,,,
,space ship earth,,http://vimeo.com/16948905,,Video,,,,
,11 hour startrail,,http://vimeo.com/18645799,,Video,,,,